---
layout: null
---
<?xml version="1.0" encoding="UTF-8"?>
<rss version="2.0" xmlns:atom="http://www.w3.org/2005/Atom" xmlns:dc="http://purl.org/dc/elements/1.1/">
	<channel>
		<title>{{ site.name | xml_escape }}</title>
		<link>{{ site.url }}</link>
		<atom:link href="{{ site.url }}/feed.xml" rel="self" type="application/rss+xml" />
		{% for post in site.posts %}
			<item>
				<title>{{ post.title | xml_escape }}</title>
        <description>{{ post.content | xml_escape }}</description>
				<pubDate>{{ post.date | date_to_rfc822 }}</pubDate>
				<link>{{ site.url }}{{ post.url }}</link>
				<guid isPermaLink="true">{{ site.url }}{{ post.url }}</guid>
			</item>
		{% endfor %}
	</channel>
</rss>
